frame,timestamp,track_id,class_id,class_name,confidence,bbox_x1,bbox_y1,bbox_x2,bbox_y2,center_x,center_y,velocity_x,velocity_y,speed,acceleration_y
0,0.0,1,0,person,0.675,486.5,292.7,553.3,493.3,519.9,393.0,0.0,0.0,0.0,0.0
0,0.0,2,0,person,0.599,916.8,324.3,1031.5,577.3,974.1,450.8,0.0,0.0,0.0,0.0
0,0.0,3,0,person,0.54,652.2,666.4,694.4,720.0,673.3,693.2,0.0,0.0,0.0,0.0
0,0.0,4,5,bus,0.474,281.1,158.8,451.3,313.2,366.2,236.0,0.0,0.0,0.0,0.0
0,0.0,5,0,person,0.402,723.2,280.5,773.0,438.4,748.1,359.5,0.0,0.0,0.0,0.0
1,0.033,1,0,person,0.719,485.8,284.0,555.9,494.4,520.9,389.2,0.93,-3.83,3.94,-3.83
1,0.033,2,0,bird,0.446,926.9,331.8,1038.0,576.0,982.5,453.9,8.33,3.08,8.88,3.08
1,0.033,3,0,person,0.567,647.3,664.3,691.2,719.9,669.2,692.1,-4.07,-1.11,4.22,-1.11
2,0.067,1,0,person,0.625,484.9,280.8,555.6,492.8,520.3,386.8,-0.58,-2.38,2.45,1.45
2,0.067,3,0,person,0.4,645.2,661.2,691.7,719.6,668.5,690.4,-0.76,-1.71,1.88,-0.61
3,0.1,1,0,person,0.623,484.2,279.9,554.7,491.1,519.4,385.5,-0.84,-1.27,1.52,1.11
3,0.1,3,0,person,0.399,645.3,658.8,694.4,719.8,669.9,689.3,1.38,-1.08,1.75,0.63
3,0.1,2,0,person,0.65,931.7,340.1,1040.6,575.1,986.1,457.6,1.82,1.85,2.59,-0.61
4,0.133,1,0,person,0.607,484.2,281.2,553.9,489.6,519.0,385.4,-0.39,-0.13,0.42,1.14
4,0.133,3,0,person,0.479,649.0,657.0,699.8,720.0,674.4,688.5,4.55,-0.81,4.63,0.28
4,0.133,2,0,person,0.472,931.4,338.5,1046.7,582.2,989.0,460.4,2.93,2.77,4.03,0.92
4,0.133,4,5,bus,0.413,275.4,144.6,451.5,304.5,363.5,224.5,-0.69,-2.87,2.95,-0.72
5,0.167,3,0,person,0.379,649.0,655.2,701.3,720.0,675.2,687.6,0.75,-0.92,1.18,-0.11
6,0.2,3,0,person,0.56,648.8,654.2,701.8,720.0,675.3,687.1,0.17,-0.47,0.5,0.45
6,0.2,4,5,bus,0.532,274.0,137.9,449.3,297.3,361.6,217.6,-0.91,-3.45,3.57,-0.29
7,0.233,3,0,person,0.543,645.9,650.7,702.0,720.0,673.9,685.3,-1.38,-1.76,2.24,-1.29
7,0.233,8,0,person,0.703,373.1,482.7,497.4,579.8,435.2,531.2,0.0,0.0,0.0,0.0
7,0.233,9,0,person,0.432,479.8,266.0,537.6,386.5,508.7,326.2,0.0,0.0,0.0,0.0
7,0.233,4,5,bus,0.751,276.9,137.5,448.4,293.4,362.7,215.4,1.05,-2.19,2.43,1.26
7,0.233,2,0,person,0.501,949.1,361.5,1054.8,574.8,1001.9,468.1,4.3,2.6,5.02,-0.06
8,0.267,3,0,person,0.517,644.7,648.9,702.5,720.0,673.6,684.4,-0.31,-0.9,0.95,0.86
8,0.267,8,0,person,0.506,379.2,486.8,495.7,578.1,437.5,532.4,2.23,1.17,2.51,1.17
8,0.267,9,0,person,0.486,480.0,264.0,538.3,385.5,509.2,324.8,0.49,-1.45,1.53,-1.45
8,0.267,4,5,bus,0.823,277.0,135.5,447.6,290.8,362.3,213.2,-0.36,-2.27,2.3,-0.08
8,0.267,2,0,person,0.543,951.3,366.7,1057.9,572.3,1004.6,469.5,2.67,1.32,2.97,-1.28
9,0.3,3,0,person,0.48,644.0,648.3,702.5,720.0,673.2,684.2,-0.39,-0.26,0.47,0.64
9,0.3,9,0,person,0.321,480.4,263.2,538.4,384.3,509.4,323.7,0.2,-1.02,1.04,0.42
9,0.3,4,5,bus,0.78,276.6,133.2,448.5,289.8,362.5,211.5,0.18,-1.68,1.69,0.59
9,0.3,2,0,person,0.615,954.0,373.5,1061.4,570.1,1007.7,471.8,3.06,2.32,3.84,1.0
10,0.333,3,0,person,0.444,644.9,647.6,704.1,720.0,674.5,683.8,1.24,-0.38,1.29,-0.12
10,0.333,9,0,person,0.498,480.7,263.4,538.3,383.6,509.5,323.5,0.12,-0.22,0.25,0.8
10,0.333,4,5,bus,0.78,276.4,131.6,448.7,288.8,362.6,210.2,0.07,-1.3,1.3,0.38
10,0.333,11,25,umbrella,0.481,343.3,360.1,585.7,459.7,464.5,409.9,0.0,0.0,0.0,0.0
11,0.367,3,0,person,0.375,643.6,645.3,704.9,720.0,674.2,682.7,-0.28,-1.13,1.16,-0.75
11,0.367,9,0,person,0.544,481.2,262.7,538.5,382.6,509.8,322.6,0.32,-0.9,0.95,-0.68
11,0.367,4,5,bus,0.712,277.9,130.8,449.4,287.3,363.7,209.0,1.11,-1.15,1.6,0.14
11,0.367,11,25,umbrella,0.41,341.7,359.9,586.6,460.6,464.2,410.2,-0.33,0.35,0.48,0.35
11,0.367,5,0,person,0.402,737.3,279.2,783.8,416.1,760.5,347.6,1.13,-1.08,1.56,-0.1
12,0.4,3,0,person,0.367,642.6,643.6,705.8,720.0,674.2,681.8,-0.02,-0.85,0.85,0.28
12,0.4,4,5,bus,0.593,280.1,130.7,450.8,286.6,365.5,208.6,1.78,-0.4,1.82,0.75
13,0.433,9000,25,umbrella,0.314,312.2,367.1,549.8,488.7,431.0,427.9,0.0,0.0,0.0,0.0
13,0.433,9001,0,person,0.302,339.0,497.0,457.9,575.6,398.5,536.3,0.0,0.0,0.0,0.0
14,0.467,11,25,umbrella,0.394,285.1,367.2,580.4,489.9,432.7,428.6,-10.47,6.1,12.12,1.92
14,0.467,4,5,bus,0.341,282.3,129.1,451.5,283.6,366.9,206.3,0.71,-1.15,1.35,-0.37
15,0.5,11,25,umbrella,0.392,274.0,367.5,584.5,498.3,429.2,432.9,-3.5,4.37,5.6,-1.74
15,0.5,4,5,bus,0.624,283.7,129.0,451.5,282.2,367.6,205.6,0.72,-0.73,1.02,0.42
16,0.533,11,25,umbrella,0.518,278.3,367.2,578.6,495.1,428.5,431.2,-0.78,-1.75,1.92,-6.12
16,0.533,4,5,bus,0.629,284.0,128.0,451.6,280.9,367.8,204.5,0.2,-1.13,1.15,-0.41
16,0.533,5,0,person,0.43,739.2,276.0,791.8,417.8,765.5,346.9,0.99,-0.14,1.0,0.19
17,0.567,11,25,umbrella,0.606,282.5,366.9,574.3,492.7,428.4,429.8,-0.1,-1.36,1.36,0.39
17,0.567,4,5,bus,0.552,282.9,123.8,452.8,279.1,367.8,201.5,0.04,-3.03,3.03,-1.9
18,0.6,11,25,umbrella,0.391,275.6,367.8,580.7,501.6,428.2,434.7,-0.19,4.88,4.88,6.24
19,0.633,4,5,bus,0.609,283.4,119.5,453.2,274.9,368.3,197.2,0.25,-2.11,2.13,0.46
20,0.667,16,0,person,0.657,300.1,430.8,415.1,566.1,357.6,498.4,0.0,0.0,0.0,0.0
20,0.667,4,5,bus,0.53,284.2,119.4,453.0,274.0,368.6,196.7,0.26,-0.52,0.58,1.59
20,0.667,3,0,person,0.482,643.5,632.9,713.6,719.7,678.5,676.3,0.54,-0.69,0.88,0.02
21,0.7,16,0,person,0.685,301.0,425.8,419.4,565.0,360.2,495.4,2.61,-3.07,4.03,-3.07
21,0.7,3,0,person,0.467,647.1,633.2,714.9,719.8,681.0,676.5,2.5,0.16,2.5,0.84
22,0.733,16,0,person,0.502,304.8,423.4,425.2,564.9,365.0,494.1,4.8,-1.23,4.96,1.84
22,0.733,3,0,person,0.443,651.1,633.5,716.5,719.8,683.8,676.6,2.76,0.18,2.77,0.02
22,0.733,4,5,bus,0.397,284.4,118.1,453.2,272.4,368.8,195.3,0.11,-0.72,0.73,-0.1
23,0.767,16,0,person,0.395,310.9,416.8,436.0,563.8,373.4,490.3,8.44,-3.79,9.25,-2.57
23,0.767,3,0,person,0.513,653.7,633.6,716.9,719.8,685.3,676.7,1.5,0.07,1.51,-0.1
23,0.767,9,0,person,0.357,490.1,253.5,543.6,367.2,516.8,310.4,0.58,-1.02,1.18,-0.01
24,0.8,16,0,umbrella,0.777,332.5,445.3,434.0,562.3,383.3,503.8,9.82,13.46,16.66,17.25
24,0.8,3,0,person,0.562,652.3,632.9,714.8,719.8,683.6,676.4,-1.73,-0.34,1.76,-0.42
24,0.8,4,5,bus,0.477,285.4,116.6,454.1,271.0,369.8,193.8,0.47,-0.72,0.86,0.0
25,0.833,3,0,person,0.417,649.7,632.1,712.3,719.8,681.0,676.0,-2.54,-0.42,2.57,-0.08
25,0.833,4,5,bus,0.622,285.4,116.5,454.3,271.5,369.8,194.0,0.06,0.2,0.21,0.92
25,0.833,5,0,person,0.439,727.6,229.5,799.0,413.7,763.3,321.6,-0.25,-2.82,2.83,-0.3
26,0.867,3,0,person,0.481,646.0,628.1,711.1,719.9,678.5,674.0,-2.51,-1.98,3.2,-1.56
26,0.867,4,5,bus,0.569,285.0,113.3,456.2,270.9,370.6,192.1,0.75,-1.9,2.05,-2.1
26,0.867,5,0,person,0.516,725.4,226.6,799.6,413.1,762.5,319.9,-0.74,-1.7,1.86,1.11
27,0.9,3,0,person,0.456,644.3,625.9,710.6,719.9,677.4,672.9,-1.09,-1.1,1.55,0.87
27,0.9,4,5,bus,0.72,287.8,114.4,456.2,269.8,372.0,192.1,1.41,0.0,1.41,1.9
27,0.9,5,0,person,0.494,723.8,222.1,800.9,413.2,762.3,317.7,-0.22,-2.2,2.22,-0.5
27,0.9,11,25,person,0.384,225.3,369.3,632.9,560.2,429.1,464.8,0.1,3.34,3.34,-0.17
28,0.933,3,0,person,0.574,644.2,624.6,711.0,719.9,677.6,672.2,0.16,-0.66,0.68,0.44
28,0.933,4,5,bus,0.751,290.8,115.6,455.6,267.7,373.2,191.6,1.24,-0.47,1.32,-0.47
28,0.933,5,0,person,0.544,723.4,220.7,801.8,413.5,762.6,317.1,0.27,-0.55,0.61,1.65
28,0.933,1,0,person,0.581,495.6,250.1,566.9,460.8,531.2,355.4,0.51,-1.25,1.35,-0.05
28,0.933,16,0,person,0.818,341.1,381.4,496.0,563.6,418.6,472.5,8.83,-7.83,11.8,-5.32
29,0.967,3,0,person,0.529,644.9,624.3,711.4,719.9,678.2,672.1,0.57,-0.14,0.59,0.52
29,0.967,4,5,bus,0.768,292.8,114.3,457.3,266.7,375.0,190.5,1.8,-1.11,2.11,-0.63
29,0.967,5,0,person,0.534,726.7,221.0,804.5,413.5,765.6,317.3,2.99,0.16,3.0,0.71
29,0.967,1,0,person,0.615,504.1,255.9,575.1,459.3,539.6,357.6,8.36,2.17,8.64,3.42
29,0.967,16,0,person,0.762,344.2,371.3,502.6,561.0,423.4,466.2,4.84,-6.32,7.96,1.51
30,1.0,3,0,person,0.625,645.2,623.4,712.0,719.9,678.6,671.6,0.42,-0.44,0.61,-0.3
30,1.0,4,5,bus,0.76,293.8,112.0,459.5,266.0,376.6,189.0,1.59,-1.52,2.19,-0.41
30,1.0,5,0,person,0.308,728.9,229.7,803.2,411.3,766.0,320.5,0.47,3.22,3.25,3.06
30,1.0,1,0,person,0.408,507.9,259.4,577.2,458.3,542.6,358.9,3.02,1.25,3.27,-0.92
30,1.0,16,0,person,0.823,349.1,363.9,507.8,558.5,428.5,461.2,5.04,-4.92,7.04,1.4
31,1.033,3,0,person,0.531,646.2,622.4,713.3,719.9,679.7,671.1,1.15,-0.5,1.25,-0.06
31,1.033,4,5,bus,0.741,296.8,113.0,459.2,263.8,378.0,188.4,1.39,-0.65,1.54,0.87
31,1.033,1,0,person,0.681,514.0,252.9,586.2,457.7,550.1,355.3,7.53,-3.54,8.33,-4.79
31,1.033,16,0,person,0.835,355.8,356.3,515.6,558.2,435.7,457.2,7.25,-4.0,8.28,0.91
32,1.067,3,0,person,0.409,654.2,624.4,718.4,719.9,686.3,672.2,6.6,1.02,6.68,1.52
32,1.067,4,5,bus,0.716,299.5,112.8,460.5,262.3,380.0,187.5,1.99,-0.83,2.15,-0.18
32,1.067,1,0,person,0.498,517.1,251.7,589.7,456.4,553.4,354.1,3.28,-1.23,3.5,2.32
32,1.067,16,0,person,0.809,361.8,349.7,521.6,557.7,441.7,453.7,5.98,-3.51,6.93,0.5
33,1.1,3,0,person,0.51,658.6,625.3,720.9,719.9,689.8,672.6,3.43,0.46,3.46,-0.55
33,1.1,4,5,bus,0.689,300.8,111.6,461.5,260.7,381.1,186.1,1.15,-1.38,1.8,-0.55
33,1.1,1,0,person,0.579,520.8,248.1,594.6,455.1,557.7,351.6,4.32,-2.46,4.97,-1.24
33,1.1,16,0,person,0.807,365.7,343.2,525.5,557.9,445.6,450.6,3.94,-3.17,5.06,0.34
34,1.133,3,0,person,0.534,653.5,623.3,717.4,719.9,685.5,671.6,-4.3,-1.01,4.42,-1.47
34,1.133,4,5,bus,0.706,299.6,107.6,462.1,258.8,380.9,183.2,-0.29,-2.93,2.94,-1.54
34,1.133,1,0,person,0.686,522.6,246.5,596.7,453.0,559.6,349.8,1.9,-1.87,2.66,0.59
34,1.133,16,0,person,0.847,369.9,333.1,529.8,555.3,449.8,444.2,4.22,-6.36,7.63,-3.19
35,1.167,3,0,person,0.498,657.4,621.9,720.8,720.0,689.1,670.9,3.63,-0.66,3.69,0.34
35,1.167,4,5,bus,0.833,298.9,105.1,461.3,256.2,380.1,180.6,-0.74,-2.59,2.69,0.34
35,1.167,1,0,person,0.753,521.9,245.4,596.4,452.5,559.2,348.9,-0.46,-0.83,0.95,1.03
35,1.167,16,0,person,0.863,375.4,326.2,533.1,551.7,454.2,438.9,4.4,-5.26,6.86,1.1
35,1.167,5,0,person,0.421,746.0,261.1,803.9,404.2,774.9,332.7,1.78,2.43,3.02,-0.16
36,1.2,3,0,person,0.548,659.6,622.2,721.4,720.0,690.5,671.1,1.4,0.12,1.41,0.79
36,1.2,4,5,bus,0.784,299.0,103.3,459.6,252.7,379.3,178.0,-0.81,-2.62,2.74,-0.03
36,1.2,1,0,person,0.728,526.1,244.4,599.9,449.8,563.0,347.1,3.83,-1.84,4.25,-1.0
36,1.2,16,0,person,0.828,380.5,320.7,537.4,550.7,458.9,435.7,4.67,-3.25,5.69,2.01
36,1.2,5,0,person,0.382,742.6,264.9,802.9,403.5,772.8,334.2,-2.18,1.55,2.67,-0.88
37,1.233,3,0,person,0.488,661.8,622.4,721.7,720.0,691.8,671.2,1.29,0.1,1.29,-0.02
37,1.233,4,5,bus,0.797,299.8,103.8,457.5,249.9,378.7,176.8,-0.62,-1.19,1.34,1.43
37,1.233,1,0,person,0.714,531.8,243.2,604.4,446.4,568.1,344.8,5.14,-2.32,5.64,-0.48
37,1.233,16,0,person,0.85,385.1,317.9,540.7,551.6,462.9,434.7,3.99,-0.96,4.11,2.29
37,1.233,5,0,person,0.587,737.9,263.9,801.5,403.2,769.7,333.6,-3.04,-0.62,3.1,-2.17
38,1.267,3,0,person,0.481,662.8,621.2,721.6,720.0,692.2,670.6,0.45,-0.57,0.73,-0.68
38,1.267,4,5,bus,0.676,299.4,103.4,457.5,249.5,378.5,176.5,-0.22,-0.37,0.43,0.82
38,1.267,1,0,person,0.698,536.5,241.2,607.8,442.2,572.1,341.7,4.0,-3.07,5.04,-0.75
38,1.267,16,0,person,0.831,389.9,316.1,541.9,549.9,465.9,433.0,2.97,-1.69,3.42,-0.73
38,1.267,5,0,person,0.313,740.6,264.3,801.9,401.9,771.2,333.1,1.5,-0.5,1.58,0.12
38,1.267,26,0,person,0.394,505.0,255.9,561.1,420.9,533.1,338.4,0.0,0.0,0.0,0.0
39,1.3,3,0,person,0.539,661.0,619.6,719.5,720.0,690.3,669.8,-1.98,-0.81,2.13,-0.23
39,1.3,4,5,bus,0.746,300.0,104.9,456.3,248.5,378.2,176.7,-0.29,0.24,0.38,0.61
39,1.3,1,0,person,0.69,541.6,239.2,610.8,434.1,576.2,336.7,4.08,-5.03,6.48,-1.96
39,1.3,16,0,person,0.833,393.7,314.4,542.4,548.4,468.1,431.4,2.18,-1.62,2.72,0.07
39,1.3,27,72,refrigerator,0.39,123.2,55.1,1280.0,720.0,701.6,387.5,0.0,0.0,0.0,0.0
40,1.333,3,0,person,0.551,659.6,619.3,717.3,720.0,688.5,669.7,-1.81,-0.13,1.81,0.67
40,1.333,4,5,bus,0.699,301.3,104.9,458.5,249.3,379.9,177.1,1.73,0.41,1.77,0.17
40,1.333,1,0,person,0.738,547.3,237.6,618.8,434.1,583.1,335.8,6.84,-0.85,6.9,4.18
40,1.333,16,0,person,0.854,398.5,313.5,544.1,546.9,471.3,430.2,3.26,-1.21,3.48,0.4
40,1.333,5,0,person,0.513,727.8,233.7,801.5,401.8,764.7,317.8,-3.29,-7.66,8.33,-3.58
40,1.333,26,0,person,0.324,508.5,257.5,563.0,417.3,535.8,337.4,1.35,-0.46,1.43,-0.23
41,1.367,3,0,person,0.607,662.7,618.9,719.2,720.0,691.0,669.4,2.52,-0.22,2.53,-0.08
41,1.367,4,5,bus,0.741,303.7,104.6,460.6,248.4,382.2,176.5,2.25,-0.59,2.32,-1.0
41,1.367,1,0,person,0.698,551.1,240.3,624.0,433.1,587.6,336.7,4.51,0.83,4.59,1.68
41,1.367,16,0,person,0.792,403.6,314.2,545.1,546.2,474.4,430.2,3.04,0.03,3.04,1.25
41,1.367,5,0,person,0.465,729.7,236.4,799.8,400.2,764.8,318.3,0.13,0.54,0.55,8.2
41,1.367,26,0,person,0.435,507.9,257.7,562.6,417.9,535.3,337.8,-0.51,0.36,0.63,0.83
42,1.4,3,0,person,0.647,656.9,615.0,715.5,719.5,686.2,667.3,-4.74,-2.18,5.22,-1.96
42,1.4,4,5,bus,0.709,305.7,103.9,461.6,246.6,383.6,175.2,1.5,-1.28,1.97,-0.69
42,1.4,1,0,person,0.66,554.3,238.7,629.8,432.7,592.1,335.7,4.49,-0.94,4.58,-1.77
42,1.4,16,0,person,0.85,409.5,315.5,546.0,543.6,477.8,429.5,3.42,-0.69,3.49,-0.73
42,1.4,26,0,person,0.341,509.7,259.6,564.5,419.9,537.1,339.8,1.8,1.97,2.67,1.61
43,1.433,3,0,person,0.661,654.7,612.2,714.9,719.8,684.8,666.0,-1.42,-1.28,1.91,0.91
43,1.433,4,5,bus,0.722,307.9,103.4,462.6,244.7,385.3,174.0,1.65,-1.2,2.04,0.08
43,1.433,1,0,person,0.497,556.4,241.4,632.2,432.7,594.3,337.0,2.22,1.3,2.57,2.24
43,1.433,16,0,person,0.868,415.5,316.8,547.9,543.6,481.7,430.2,3.94,0.68,4.0,1.37
43,1.433,5,0,person,0.43,723.9,231.5,794.7,400.9,759.3,316.2,-2.74,-1.07,2.94,-0.8
44,1.467,3,0,person,0.576,655.2,611.0,715.7,719.7,685.5,665.3,0.66,-0.63,0.92,0.64
44,1.467,4,5,bus,0.703,307.6,103.5,461.3,243.5,384.4,173.5,-0.85,-0.54,1.01,0.66
44,1.467,1,0,person,0.47,556.7,240.7,632.7,433.1,594.7,336.9,0.41,-0.1,0.42,-1.4
44,1.467,16,0,person,0.853,420.6,318.7,548.7,544.1,484.6,431.4,2.93,1.2,3.17,0.52
44,1.467,5,0,person,0.502,722.4,236.3,790.2,400.8,756.3,318.6,-3.0,2.42,3.85,3.48
45,1.5,3,0,person,0.514,663.7,615.8,720.0,719.9,691.8,667.8,6.37,2.5,6.84,3.13
45,1.5,4,5,bus,0.764,306.0,102.2,461.2,243.3,383.6,172.7,-0.83,-0.8,1.15,-0.26
45,1.5,16,0,person,0.869,429.0,320.7,553.4,544.4,491.2,432.6,6.56,1.15,6.66,-0.06
45,1.5,5,0,person,0.582,719.8,237.2,786.3,400.6,753.0,318.9,-3.26,0.31,3.28,-2.1
46,1.533,3,0,person,0.47,660.7,613.4,717.9,719.9,689.3,666.6,-2.54,-1.2,2.8,-3.69
46,1.533,4,5,bus,0.8,307.2,99.6,464.3,242.2,385.8,170.9,2.15,-1.81,2.81,-1.02
46,1.533,16,0,person,0.787,440.9,321.2,562.6,542.1,501.7,431.7,10.51,-0.89,10.55,-2.04
46,1.533,5,0,person,0.465,718.9,233.3,785.3,399.9,752.1,316.6,-0.93,-2.33,2.51,-2.64
46,1.533,1,0,person,0.334,559.3,233.0,637.8,431.8,598.5,332.4,1.92,-2.26,2.97,-1.08
47,1.567,3,0,person,0.566,664.8,613.4,720.7,720.0,692.8,666.7,3.46,0.04,3.46,1.23
47,1.567,4,5,bus,0.804,309.0,98.7,465.5,240.5,387.2,169.6,1.48,-1.26,1.94,0.55
47,1.567,16,0,person,0.598,456.9,319.8,577.9,541.7,517.4,430.7,15.66,-0.94,15.69,-0.04
47,1.567,5,0,person,0.664,718.7,230.8,784.9,398.7,751.8,314.7,-0.31,-1.87,1.89,0.46
47,1.567,1,0,person,0.454,560.7,229.6,640.5,431.7,600.6,330.6,2.07,-1.74,2.7,0.52
48,1.6,3,0,person,0.6,666.0,613.0,720.9,719.9,693.5,666.4,0.71,-0.24,0.75,-0.28
48,1.6,4,5,bus,0.833,311.3,98.1,466.1,237.9,388.7,168.0,1.43,-1.65,2.19,-0.39
48,1.6,16,0,person,0.802,484.3,321.4,607.0,540.5,545.6,431.0,28.25,0.22,28.25,1.16
48,1.6,5,0,person,0.448,720.4,228.4,786.8,398.0,753.6,313.2,1.8,-1.49,2.34,0.38
48,1.6,1,0,person,0.562,561.5,231.6,640.5,431.2,601.0,331.4,0.39,0.79,0.88,2.53
49,1.633,3,0,person,0.526,664.1,610.9,719.1,718.9,691.6,664.9,-1.88,-1.55,2.44,-1.31
49,1.633,4,5,bus,0.732,313.9,96.5,467.8,235.9,390.9,166.2,2.2,-1.79,2.84,-0.14
49,1.633,16,0,person,0.752,487.8,310.9,616.6,539.0,552.2,424.9,6.59,-6.05,8.94,-6.26
49,1.633,5,0,person,0.655,717.8,225.7,784.0,396.4,750.9,311.0,-2.68,-2.17,3.45,-0.68
49,1.633,1,0,person,0.346,563.7,234.2,642.1,431.5,602.9,332.8,1.91,1.39,2.36,0.61
50,1.667,3,0,person,0.536,663.3,610.9,717.5,719.0,690.4,665.0,-1.21,0.09,1.21,1.64
50,1.667,4,5,bus,0.749,314.5,95.5,465.6,231.8,390.0,163.7,-0.83,-2.52,2.66,-0.74
50,1.667,16,0,person,0.654,497.0,300.4,630.6,536.4,563.8,418.4,11.58,-6.49,13.27,-0.44
50,1.667,5,0,person,0.756,713.4,223.9,778.6,394.5,746.0,309.2,-4.93,-1.84,5.26,0.34
50,1.667,1,0,person,0.486,567.8,234.1,645.9,430.6,606.8,332.4,3.92,-0.47,3.95,-1.86
51,1.7,3,0,person,0.597,660.2,610.3,714.8,719.0,687.5,664.7,-2.92,-0.31,2.94,-0.4
51,1.7,4,5,bus,0.776,315.4,92.8,466.5,229.1,391.0,161.0,0.94,-2.72,2.88,-0.2
51,1.7,16,0,person,0.823,505.2,292.1,642.5,534.5,573.9,413.3,10.09,-5.11,11.32,1.38
51,1.7,5,0,person,0.723,709.1,221.8,773.9,392.9,741.5,307.4,-4.49,-1.84,4.85,-0.0
52,1.733,3,0,person,0.53,665.6,611.0,718.8,719.4,692.2,665.2,4.71,0.55,4.74,0.86
52,1.733,4,5,bus,0.794,315.9,91.6,467.1,227.8,391.5,159.7,0.54,-1.25,1.36,1.47
52,1.733,16,0,person,0.804,511.5,295.2,646.4,533.3,579.0,414.2,5.07,0.93,5.15,6.05
52,1.733,5,0,person,0.79,705.4,221.3,770.4,392.4,737.9,306.8,-3.6,-0.53,3.64,1.3
53,1.767,3,0,person,0.479,667.8,610.8,720.3,719.4,694.1,665.1,1.87,-0.08,1.88,-0.62
53,1.767,4,5,bus,0.751,316.7,90.3,469.0,227.7,392.8,159.0,1.31,-0.7,1.49,0.55
53,1.767,16,0,person,0.828,514.3,292.6,650.5,532.9,582.4,412.7,3.44,-1.51,3.76,-2.44
53,1.767,5,0,person,0.796,705.6,219.9,771.6,392.8,738.6,306.3,0.69,-0.51,0.86,0.03
53,1.767,28,0,person,0.464,891.3,442.6,1015.9,703.3,953.6,573.0,0.0,0.0,0.0,0.0
54,1.8,3,0,person,0.541,671.7,614.1,722.2,719.8,696.9,667.0,2.88,1.82,3.41,1.9
54,1.8,16,0,person,0.811,524.7,282.2,664.6,535.3,594.7,408.7,12.27,-4.0,12.9,-2.49
54,1.8,5,0,person,0.78,704.7,221.7,770.7,394.9,737.7,308.3,-0.9,1.98,2.18,2.49
54,1.8,28,0,person,0.588,886.0,434.2,1017.7,710.2,951.9,572.2,-1.77,-0.81,1.95,-0.81
55,1.833,3,0,person,0.571,672.3,617.4,721.3,719.9,696.8,668.7,-0.13,1.72,1.73,-0.1
55,1.833,16,0,person,0.658,537.1,281.1,670.3,528.6,603.7,404.9,9.03,-3.86,9.82,0.13
55,1.833,5,0,person,0.719,705.6,226.3,769.9,397.5,737.8,311.9,0.05,3.61,3.61,1.63
55,1.833,28,0,person,0.539,875.9,422.1,1013.0,710.9,944.5,566.5,-7.4,-5.7,9.34,-4.89
55,1.833,4,5,bus,0.531,322.1,93.6,472.9,229.0,397.5,161.3,2.33,1.15,2.6,0.93
56,1.867,3,0,person,0.53,671.7,617.1,721.2,719.8,696.5,668.5,-0.35,-0.2,0.41,-1.92
56,1.867,16,0,person,0.573,540.4,278.8,671.9,528.7,606.1,403.8,2.45,-1.12,2.69,2.74
56,1.867,5,0,person,0.678,704.2,224.2,768.9,397.8,736.6,311.0,-1.16,-0.95,1.5,-4.56
56,1.867,28,0,person,0.429,868.6,406.7,1012.3,711.9,940.5,559.3,-3.98,-7.21,8.23,-1.51
56,1.867,4,5,bus,0.551,321.8,93.1,474.1,229.3,397.9,161.2,0.42,-0.12,0.44,-1.27
57,1.9,3,0,person,0.358,670.5,617.1,721.1,719.9,695.8,668.5,-0.68,0.04,0.68,0.24
57,1.9,16,0,person,0.392,553.6,271.7,682.4,527.8,618.0,399.7,11.87,-4.02,12.53,-2.9
57,1.9,5,0,person,0.705,704.0,222.3,769.2,398.2,736.6,310.3,-0.02,-0.71,0.71,0.24
57,1.9,28,0,person,0.54,861.6,394.0,1010.9,714.4,936.2,554.2,-4.23,-5.11,6.63,2.1
58,1.933,9002,0,person,0.408,872.6,387.5,982.1,551.1,927.3,469.3,0.0,0.0,0.0,0.0
59,1.967,3,0,person,0.446,676.6,622.9,724.9,719.6,700.8,671.2,2.49,1.36,2.84,0.66
59,1.967,16,0,person,0.605,570.6,286.5,688.1,528.4,629.3,407.5,5.65,3.86,6.84,3.94
59,1.967,5,0,person,0.583,704.0,230.0,767.8,402.0,735.9,316.0,-0.34,2.87,2.89,1.79
59,1.967,28,0,person,0.416,843.2,373.8,999.0,713.5,921.1,543.6,-7.58,-5.27,9.23,-0.08
60,2.0,3,0,person,0.628,675.7,626.3,724.0,719.9,699.8,673.1,-0.92,1.86,2.07,0.49
60,2.0,16,0,person,0.458,575.8,296.1,685.9,527.8,630.8,412.0,1.53,4.52,4.77,0.66
60,2.0,5,0,person,0.517,704.9,233.1,767.9,403.3,736.4,318.2,0.51,2.17,2.23,-0.7
61,2.033,3,0,person,0.531,681.7,630.1,728.4,719.9,705.1,675.0,5.24,1.9,5.57,0.04
61,2.033,16,0,person,0.592,579.7,300.6,685.4,526.4,632.5,413.5,1.7,1.53,2.28,-2.99
61,2.033,5,0,person,0.746,705.4,233.7,769.2,403.8,737.3,318.8,0.9,0.59,1.08,-1.58
61,2.033,28,0,person,0.498,841.4,362.0,947.4,587.5,894.4,474.7,-13.35,-34.45,36.94,-14.59
62,2.067,3,0,person,0.607,686.6,635.6,731.3,720.0,709.0,677.8,3.92,2.82,4.83,0.92
62,2.067,16,0,person,0.677,579.5,301.2,687.4,535.6,633.4,418.4,0.89,4.88,4.96,3.35
62,2.067,5,0,person,0.775,706.2,230.1,772.0,404.3,739.1,317.2,1.8,-1.53,2.36,-2.12
62,2.067,28,0,person,0.843,824.5,351.7,923.9,557.4,874.2,454.5,-20.21,-20.22,28.59,14.22
62,2.067,4,5,truck,0.367,334.4,94.6,476.7,219.5,405.5,157.0,1.27,-0.69,1.44,-0.09
63,2.1,3,0,person,0.65,689.1,636.7,734.1,720.0,711.6,678.3,2.61,0.52,2.66,-2.3
63,2.1,16,0,person,0.579,578.6,301.9,686.4,540.4,632.5,421.1,-0.97,2.75,2.91,-2.13
63,2.1,28,0,person,0.84,806.9,338.2,912.3,549.9,859.6,444.0,-14.57,-10.47,17.94,9.76
64,2.133,3,0,person,0.67,689.8,634.9,736.2,720.0,713.0,677.5,1.41,-0.87,1.66,-1.39
64,2.133,16,0,person,0.538,579.4,301.3,685.9,537.9,632.7,419.6,0.2,-1.57,1.59,-4.32
64,2.133,28,0,person,0.832,793.2,322.1,906.4,545.4,849.8,433.7,-9.81,-10.31,14.24,0.15
64,2.133,5,0,person,0.524,716.8,212.4,767.0,341.3,741.9,276.9,1.41,-20.19,20.24,-9.33
65,2.167,3,0,person,0.636,686.5,637.8,733.1,720.0,709.8,678.9,-3.18,1.43,3.48,2.31
65,2.167,16,0,person,0.431,586.0,301.2,677.8,499.2,631.9,400.2,-0.77,-19.38,19.4,-17.81
65,2.167,28,0,person,0.843,784.0,312.4,903.0,544.0,843.5,428.2,-6.33,-5.53,8.4,4.79
65,2.167,5,0,person,0.571,719.4,205.2,767.0,323.9,743.2,264.5,1.27,-12.31,12.38,7.88
65,2.167,4,5,bus,0.414,308.9,61.6,471.1,203.9,390.0,132.7,-5.18,-8.1,9.61,-2.47
66,2.2,3,0,person,0.673,689.2,641.5,734.6,720.0,711.9,680.7,2.04,1.86,2.76,0.42
66,2.2,16,0,person,0.618,590.0,303.0,676.0,481.1,633.0,392.0,1.11,-8.13,8.21,11.25
66,2.2,28,0,person,0.849,781.6,304.5,906.1,547.4,843.8,425.9,0.33,-2.27,2.3,3.25
66,2.2,5,0,person,0.628,721.9,203.1,770.6,319.9,746.2,261.5,3.02,-3.06,4.3,9.26
66,2.2,4,5,bus,0.578,301.0,55.1,467.8,202.0,384.4,128.5,-5.62,-4.2,7.02,3.9
67,2.233,3,0,person,0.5,691.1,649.5,733.3,720.0,712.2,684.8,0.31,4.02,4.03,2.16
67,2.233,16,0,person,0.449,590.8,311.2,673.7,475.8,632.3,393.5,-0.73,1.48,1.65,9.61
67,2.233,28,0,person,0.847,782.8,296.6,912.9,555.3,847.9,426.0,4.07,0.05,4.07,2.32
67,2.233,5,0,person,0.549,723.2,203.2,775.6,325.3,749.4,264.3,3.18,2.77,4.21,5.82
67,2.233,4,5,bus,0.454,294.6,51.1,465.2,201.7,379.9,126.4,-4.45,-2.16,4.95,2.04
67,2.233,35,0,person,0.508,817.4,621.3,930.8,719.7,874.1,670.5,0.0,0.0,0.0,0.0
68,2.267,3,0,person,0.52,693.5,657.3,732.5,720.0,713.0,688.6,0.83,3.87,3.96,-0.15
68,2.267,16,0,person,0.575,595.2,322.5,674.8,473.3,635.0,397.9,2.76,4.38,5.17,2.9
68,2.267,28,0,person,0.789,778.9,289.6,913.5,561.2,846.2,425.4,-1.68,-0.58,1.78,-0.63
68,2.267,5,0,person,0.675,725.9,205.2,776.3,319.5,751.1,262.3,1.74,-1.9,2.58,-4.67
68,2.267,4,5,bus,0.469,289.7,49.9,463.0,203.0,376.3,126.4,-3.58,0.05,3.58,2.2
68,2.267,27,72,train,0.432,152.5,11.2,1280.0,711.5,716.2,361.4,0.5,-0.9,1.03,-0.03
69,2.3,3,0,person,0.439,693.2,662.5,730.7,720.0,711.9,691.3,-1.07,2.63,2.84,-1.24
69,2.3,28,0,person,0.874,771.0,283.2,911.2,569.8,841.1,426.5,-5.09,1.1,5.21,1.68
69,2.3,5,0,person,0.63,727.5,204.0,781.9,324.5,754.7,264.2,3.58,1.89,4.05,3.79
69,2.3,27,72,train,0.402,102.5,8.9,1280.0,709.4,691.3,359.2,-24.96,-2.18,25.06,-1.28
70,2.333,28,0,person,0.87,761.4,278.3,904.7,575.3,833.1,426.8,-8.03,0.31,8.04,-0.79
70,2.333,5,0,person,0.581,725.9,204.4,783.6,329.2,754.8,266.8,0.06,2.55,2.55,0.66
70,2.333,27,72,train,0.355,126.6,7.0,1280.0,716.3,703.3,361.6,12.03,2.46,12.28,4.64
71,2.367,28,0,person,0.886,749.0,272.9,891.9,571.5,820.4,422.2,-12.64,-4.57,13.44,-4.88
71,2.367,5,0,person,0.407,722.9,204.0,782.5,330.3,752.7,267.1,-2.06,0.36,2.09,-2.19
71,2.367,39,0,person,0.449,589.1,332.3,703.2,579.3,646.2,455.8,0.0,0.0,0.0,0.0
71,2.367,41,0,person,0.459,660.1,665.9,728.0,720.0,694.1,692.9,0.0,0.0,0.0,0.0
71,2.367,26,0,person,0.69,522.0,212.8,609.4,472.0,565.7,342.4,0.99,0.09,0.99,-0.06
71,2.367,4,5,bus,0.791,270.9,44.4,447.7,200.7,359.3,122.5,-5.68,-1.3,5.83,-0.45
72,2.4,28,0,person,0.827,730.9,265.6,875.3,568.6,803.1,417.1,-17.35,-5.13,18.09,-0.56
72,2.4,5,0,person,0.584,717.4,197.7,778.0,324.6,747.7,261.2,-5.01,-5.98,7.8,-6.34
72,2.4,39,0,person,0.659,585.0,329.9,712.8,606.6,648.9,468.2,2.75,12.43,12.73,12.43
72,2.4,41,0,person,0.534,651.0,663.9,721.4,720.0,686.2,692.0,-7.9,-0.98,7.96,-0.98
72,2.4,26,0,person,0.679,512.6,208.4,601.8,472.5,557.2,340.4,-8.5,-2.01,8.73,-2.1
72,2.4,4,5,bus,0.619,262.0,36.9,437.1,191.4,349.5,114.1,-9.75,-8.42,12.88,-7.12
73,2.433,28,0,person,0.609,720.0,290.2,851.7,567.2,785.8,428.7,-17.27,11.6,20.8,16.73
73,2.433,39,0,person,0.742,588.4,332.1,724.0,626.1,656.2,479.1,7.25,10.86,13.05,-1.58
73,2.433,41,0,person,0.357,643.5,667.7,709.4,720.0,676.5,693.9,-9.73,1.89,9.91,2.87
73,2.433,26,0,person,0.511,502.9,204.6,600.7,477.7,551.8,341.2,-5.41,0.73,5.46,2.74
73,2.433,4,5,bus,0.327,252.8,38.8,424.4,189.2,338.6,114.0,-10.95,-0.08,10.95,8.33
74,2.467,28,0,person,0.363,705.4,296.1,832.5,567.6,769.0,431.9,-16.87,3.15,17.16,-8.44
74,2.467,39,0,person,0.707,588.1,334.7,726.7,634.9,657.4,484.8,1.23,5.73,5.86,-5.12
74,2.467,41,0,person,0.449,639.5,671.3,701.1,720.0,670.3,695.7,-6.17,1.81,6.43,-0.08
74,2.467,26,0,person,0.589,490.9,205.3,592.0,477.5,541.5,341.4,-10.31,0.29,10.31,-0.44
74,2.467,4,5,bus,0.464,242.9,39.6,415.5,190.1,329.2,114.8,-9.35,0.8,9.39,0.88
74,2.467,5,0,person,0.471,712.1,197.4,771.0,317.7,741.6,257.5,-3.06,-1.81,3.55,2.08
75,2.5,39,0,person,0.409,602.4,338.4,729.1,611.8,665.8,475.1,8.34,-9.69,12.78,-15.42
75,2.5,26,0,person,0.609,482.5,204.2,586.1,480.6,534.3,342.4,-7.2,0.93,7.26,0.64
82,2.733,1,0,person,0.412,650.8,259.7,733.5,459.9,692.2,359.8,2.67,0.86,2.8,0.04
82,2.733,26,0,person,0.421,478.5,287.5,558.5,485.7,518.5,386.6,-2.25,6.32,6.71,0.77
83,2.767,1,0,person,0.607,644.7,237.0,736.9,460.8,690.8,348.9,-1.35,-10.92,11.01,-11.78
84,2.8,1,0,person,0.691,643.6,226.0,737.2,458.6,690.4,342.3,-0.37,-6.61,6.62,4.31
84,2.8,45,0,person,0.329,632.9,676.2,685.5,720.0,659.2,698.1,0.0,0.0,0.0,0.0
85,2.833,1,0,person,0.705,644.2,219.6,737.4,457.8,690.8,338.7,0.33,-3.62,3.63,3.0
85,2.833,45,0,person,0.395,633.1,676.3,685.5,720.0,659.3,698.2,0.12,0.06,0.13,0.06
85,2.833,46,0,person,0.631,710.8,388.9,859.3,586.8,785.0,487.8,0.0,0.0,0.0,0.0
86,2.867,1,0,person,0.795,643.0,215.0,735.6,457.3,689.3,336.2,-1.46,-2.53,2.92,1.08
86,2.867,45,0,person,0.361,633.3,677.4,684.6,720.0,658.9,698.7,-0.37,0.52,0.64,0.46
86,2.867,46,0,person,0.64,725.8,388.9,876.1,588.8,800.9,488.9,15.9,1.01,15.93,1.01
86,2.867,26,0,person,0.44,473.2,244.5,569.4,482.3,521.3,363.4,0.7,-5.79,5.84,-3.03
87,2.9,1,0,person,0.745,642.9,211.8,735.3,458.7,689.1,335.2,-0.19,-0.92,0.94,1.61
87,2.9,46,0,person,0.528,754.5,391.9,903.9,590.1,829.2,491.0,28.26,2.16,28.34,1.15
87,2.9,26,0,person,0.314,473.9,275.4,559.0,482.1,516.5,378.8,-4.87,15.35,16.11,21.15
88,2.933,1,0,person,0.798,645.4,212.2,735.9,457.3,690.6,334.7,1.52,-0.5,1.6,0.42
88,2.933,46,0,person,0.595,779.7,393.8,926.2,587.3,852.9,490.5,23.74,-0.49,23.74,-2.65
88,2.933,26,0,person,0.338,475.1,289.1,556.7,484.0,515.9,386.6,-0.53,7.78,7.8,-7.57
89,2.967,1,0,person,0.514,650.1,205.3,742.4,458.1,696.2,331.7,5.6,-3.07,6.39,-2.56
89,2.967,46,0,person,0.549,804.1,393.8,953.4,588.7,878.7,491.2,25.81,0.71,25.82,1.2
90,3.0,1,0,person,0.532,659.1,200.6,751.3,458.0,705.2,329.3,8.95,-2.38,9.26,0.69
90,3.0,46,0,person,0.6,815.6,393.8,968.6,590.9,892.1,492.4,13.39,1.13,13.43,0.42
90,3.0,45,0,person,0.301,635.6,677.9,686.6,720.0,661.1,698.9,0.54,0.07,0.54,-0.11
91,3.033,46,0,person,0.421,825.5,394.8,980.7,591.5,903.1,493.1,10.97,0.78,10.99,-0.35
91,3.033,26,0,person,0.378,476.7,291.1,559.7,485.1,518.2,388.1,0.76,0.51,0.92,-2.42
92,3.067,46,0,person,0.737,840.9,400.4,992.9,590.0,916.9,495.2,13.84,2.04,13.99,1.26
92,3.067,26,0,person,0.434,478.9,291.8,562.6,484.9,520.8,388.3,2.55,0.25,2.57,-0.26
93,3.1,46,0,person,0.639,863.1,408.6,1010.4,589.2,936.8,498.9,19.83,3.7,20.17,1.66
93,3.1,26,0,person,0.402,481.5,292.8,564.8,484.3,523.2,388.5,2.39,0.21,2.4,-0.03
94,3.133,46,0,person,0.692,885.7,421.1,1026.2,590.0,955.9,505.6,19.18,6.68,20.31,2.98
94,3.133,26,0,person,0.604,483.1,296.6,565.3,484.7,524.2,390.6,1.01,2.1,2.34,1.89
95,3.167,46,0,person,0.663,908.0,433.8,1041.0,589.8,974.5,511.8,18.55,6.22,19.57,-0.46
95,3.167,26,0,person,0.378,484.8,295.3,568.3,486.1,526.5,390.7,2.35,0.09,2.35,-2.02
96,3.2,46,0,person,0.543,897.6,446.5,1091.8,679.8,994.7,563.2,20.23,51.39,55.23,45.17
96,3.2,26,0,person,0.462,485.6,293.0,570.4,486.4,528.0,389.7,1.48,-1.03,1.81,-1.12
97,3.233,26,0,person,0.473,488.9,293.2,574.5,486.6,531.7,389.9,3.69,0.19,3.7,1.22
98,3.267,26,0,person,0.537,486.7,292.4,572.6,486.4,529.6,389.4,-2.07,-0.51,2.13,-0.69
98,3.267,46,0,person,0.632,926.1,468.8,1127.8,714.5,1027.0,591.7,16.13,14.25,21.52,-18.57
99,3.3,26,0,person,0.303,486.5,292.2,572.0,487.4,529.2,389.8,-0.38,0.38,0.53,0.88
100,3.333,46,0,person,0.58,1000.8,491.7,1125.5,630.9,1063.2,561.3,18.1,-15.18,23.63,-14.71
101,3.367,54,0,person,0.38,681.3,673.9,733.1,720.0,707.2,697.0,0.0,0.0,0.0,0.0
102,3.4,54,0,person,0.354,688.0,673.2,740.5,720.0,714.2,696.6,7.05,-0.38,7.06,-0.38
103,3.433,57,0,person,0.36,517.1,292.2,608.9,486.4,563.0,389.3,0.0,0.0,0.0,0.0
104,3.467,57,0,person,0.536,525.4,288.1,619.3,486.6,572.4,387.3,9.35,-1.92,9.54,-1.92
104,3.467,58,0,person,0.519,705.7,211.0,756.9,313.5,731.3,262.3,0.0,0.0,0.0,0.0
104,3.467,59,0,person,0.52,745.6,227.0,820.1,484.7,782.9,355.8,0.0,0.0,0.0,0.0
104,3.467,54,0,person,0.422,699.7,667.5,758.0,720.0,728.9,693.7,7.31,-1.43,7.45,-0.53
105,3.5,57,0,person,0.712,532.8,284.1,628.1,485.3,580.5,384.7,8.11,-2.64,8.53,-0.72
105,3.5,58,0,person,0.459,706.6,208.2,759.8,314.6,733.2,261.4,1.86,-0.92,2.07,-0.92
105,3.5,59,0,person,0.74,752.8,226.2,825.7,477.8,789.3,352.0,6.43,-3.84,7.49,-3.84
105,3.5,54,0,person,0.5,706.0,663.5,767.9,720.0,737.0,691.7,8.11,-1.98,8.35,-0.55
106,3.533,57,0,person,0.645,530.3,283.3,648.6,534.6,589.5,409.0,9.0,24.26,25.88,26.91
106,3.533,58,0,person,0.448,709.2,205.1,764.3,315.4,736.7,260.3,3.53,-1.07,3.69,-0.15
106,3.533,59,0,person,0.727,756.8,224.8,829.8,475.0,793.3,349.9,4.03,-2.11,4.55,1.72
106,3.533,54,0,person,0.522,710.7,660.8,774.7,719.9,742.7,690.4,5.73,-1.37,5.89,0.61
107,3.567,57,0,person,0.675,533.0,285.3,656.6,548.9,594.8,417.1,5.37,8.14,9.75,-16.13
107,3.567,58,0,person,0.435,711.5,200.5,769.3,316.0,740.4,258.2,3.69,-2.07,4.23,-1.0
107,3.567,59,0,person,0.651,756.7,225.1,830.2,475.0,793.4,350.0,0.13,0.13,0.18,2.25
107,3.567,54,0,person,0.35,715.2,657.2,781.8,720.0,748.5,688.6,5.76,-1.79,6.03,-0.42
108,3.6,57,0,person,0.487,536.6,287.9,659.0,550.0,597.8,419.0,2.98,1.86,3.51,-6.27
108,3.6,59,0,person,0.61,743.6,218.3,819.6,473.5,781.6,345.9,-11.81,-4.12,12.51,-4.25
109,3.633,57,0,person,0.596,541.3,286.7,662.5,546.5,601.9,416.6,4.12,-2.37,4.76,-4.23
109,3.633,59,0,person,0.549,743.3,214.8,820.8,472.9,782.1,343.9,0.42,-2.03,2.08,2.09
109,3.633,58,0,person,0.382,712.8,182.4,777.1,311.7,745.0,247.1,2.29,-5.58,6.03,-1.76
109,3.633,54,0,person,0.612,706.4,648.2,783.2,719.7,744.8,683.9,-1.83,-2.32,2.95,-0.26
110,3.667,57,0,person,0.352,556.4,286.1,677.3,542.6,616.9,414.4,14.93,-2.23,15.1,0.14
110,3.667,59,0,person,0.717,738.5,207.1,823.9,488.1,781.2,347.6,-0.89,3.7,3.8,5.73
110,3.667,54,0,person,0.544,706.0,645.2,786.5,719.5,746.3,682.3,1.45,-1.61,2.17,0.7
111,3.7,57,0,person,0.514,548.6,250.1,680.6,537.8,614.6,394.0,-2.29,-20.41,20.54,-18.18
111,3.7,59,0,person,0.706,747.5,205.4,837.4,499.3,792.4,352.3,11.26,4.78,12.24,1.09
111,3.7,54,0,person,0.624,706.8,640.9,792.3,719.4,749.5,680.2,3.25,-2.15,3.9,-0.54
111,3.7,58,0,person,0.492,714.4,169.2,785.4,314.2,749.9,241.7,2.45,-2.68,3.64,1.45
112,3.733,57,0,person,0.431,547.1,228.4,683.5,531.5,615.3,380.0,0.73,-13.99,14.01,6.43
112,3.733,59,0,person,0.751,759.1,209.8,852.6,513.3,805.8,361.5,13.42,9.2,16.27,4.42
112,3.733,54,0,person,0.537,708.3,636.7,798.5,719.4,753.4,678.1,3.91,-2.1,4.44,0.05
112,3.733,58,0,person,0.552,719.8,162.6,792.9,315.6,756.4,239.1,6.48,-2.58,6.97,0.1
113,3.767,57,0,person,0.481,573.1,227.1,707.1,531.3,640.1,379.2,24.78,-0.77,24.79,13.22
113,3.767,59,0,person,0.767,763.4,205.1,860.9,518.8,812.2,362.0,6.33,0.41,6.35,-8.79
113,3.767,54,0,person,0.61,712.3,635.1,804.2,719.5,758.2,677.3,4.81,-0.79,4.87,1.31
113,3.767,58,0,person,0.546,723.0,157.2,801.9,325.2,762.5,241.2,6.09,2.12,6.45,4.7
114,3.8,57,0,person,0.554,584.0,219.8,718.2,530.8,651.1,375.3,11.03,-3.89,11.69,-3.13
114,3.8,59,0,person,0.861,767.9,200.5,870.0,524.0,818.9,362.2,6.76,0.29,6.77,-0.12
114,3.8,54,0,person,0.649,715.7,633.9,808.6,719.5,762.2,676.7,3.93,-0.57,3.97,0.21
114,3.8,58,0,person,0.683,725.8,154.3,811.9,338.6,768.8,246.4,6.36,5.22,8.23,3.1
115,3.833,57,0,person,0.486,590.5,220.2,722.4,534.3,656.5,377.2,5.35,1.93,5.69,5.82
115,3.833,59,0,person,0.833,786.2,199.5,888.5,522.9,837.3,361.2,18.38,-1.03,18.41,-1.32
115,3.833,54,0,person,0.688,720.8,633.1,814.6,719.6,767.7,676.4,5.53,-0.37,5.55,0.2
115,3.833,58,0,person,0.618,725.4,153.1,813.1,342.2,769.3,247.6,0.47,1.19,1.28,-4.03
115,3.833,60,7,truck,0.551,257.3,0.0,447.0,148.6,352.2,74.3,0.0,0.0,0.0,0.0
116,3.867,59,0,person,0.808,804.6,199.0,910.4,531.7,857.5,365.4,20.16,4.17,20.59,5.2
116,3.867,54,0,person,0.657,724.8,631.8,819.7,719.5,772.2,675.7,4.53,-0.7,4.58,-0.33
116,3.867,58,0,person,0.759,723.8,153.1,815.8,353.9,769.8,253.5,0.52,5.84,5.86,4.65
116,3.867,60,7,truck,0.501,257.3,0.5,447.5,149.6,352.4,75.1,0.24,0.75,0.79,0.75
117,3.9,59,0,person,0.891,824.9,205.5,935.4,550.0,880.2,377.7,22.68,12.36,25.83,8.2
117,3.9,54,0,person,0.631,728.2,634.2,820.9,719.6,774.5,676.9,2.29,1.23,2.6,1.93
117,3.9,58,0,person,0.739,722.2,153.3,818.5,366.5,770.3,259.9,0.53,6.41,6.43,0.57
118,3.933,59,0,person,0.845,840.8,219.7,951.1,562.1,895.9,390.9,15.78,13.15,20.54,0.79
118,3.933,54,0,person,0.589,732.1,636.4,823.1,719.7,777.6,678.0,3.06,1.15,3.27,-0.08
118,3.933,58,0,person,0.531,722.0,158.1,819.0,376.2,770.5,267.2,0.14,7.29,7.29,0.88
119,3.967,59,0,person,0.84,857.9,234.0,965.1,572.3,911.5,403.1,15.57,12.25,19.82,-0.9
119,3.967,54,0,person,0.621,738.0,642.3,824.0,719.7,781.0,681.0,3.41,3.0,4.54,1.86
119,3.967,58,0,person,0.727,724.6,162.7,821.1,384.9,772.9,273.8,2.37,6.65,7.06,-0.64
119,3.967,57,0,person,0.671,605.8,225.5,735.6,546.1,670.7,385.8,3.55,2.14,4.15,0.05
120,4.0,59,0,person,0.661,875.3,245.5,980.1,582.6,927.7,414.0,16.17,10.89,19.5,-1.36
120,4.0,58,0,person,0.56,727.7,168.3,824.7,394.8,776.2,281.5,3.32,7.7,8.38,1.05
120,4.0,57,0,person,0.658,618.4,240.6,738.8,542.9,678.6,391.7,7.91,5.93,9.89,3.79
121,4.033,59,0,person,0.715,891.5,258.6,993.2,588.3,942.3,423.4,14.65,9.4,17.41,-1.49
121,4.033,58,0,person,0.494,731.7,175.3,827.7,405.5,779.7,290.4,3.53,8.92,9.59,1.22
121,4.033,57,0,person,0.72,630.6,262.1,741.3,543.1,685.9,402.6,7.34,10.84,13.09,4.91
122,4.067,59,0,person,0.735,906.4,270.7,1007.7,593.9,957.0,432.3,14.7,8.85,17.16,-0.55
122,4.067,58,0,person,0.43,739.8,183.1,832.3,410.8,786.0,296.9,6.34,6.51,9.09,-2.41
122,4.067,57,0,person,0.558,638.8,264.1,748.9,546.7,693.9,405.4,7.94,2.87,8.44,-7.96
123,4.1,59,0,person,0.842,917.9,282.2,1022.4,602.1,970.1,442.1,13.08,9.83,16.36,0.98
123,4.1,58,0,person,0.508,743.1,191.8,835.4,425.1,789.3,308.5,3.22,11.51,11.95,5.0
123,4.1,57,0,person,0.31,650.0,284.9,752.5,548.9,701.2,416.9,7.38,11.42,13.6,8.55
123,4.1,63,25,umbrella,0.35,339.2,361.3,586.3,455.5,462.7,408.4,0.0,0.0,0.0,0.0
124,4.133,59,0,person,0.76,934.0,294.5,1042.3,608.9,988.1,451.7,18.0,9.59,20.39,-0.24
124,4.133,58,0,person,0.571,746.7,195.7,840.9,440.1,793.8,317.9,4.52,9.46,10.48,-2.05
124,4.133,57,0,person,0.595,654.6,285.7,758.6,553.7,706.6,419.7,5.32,2.86,6.04,-8.56
124,4.133,63,25,umbrella,0.323,338.4,361.0,587.8,456.1,463.1,408.6,0.37,0.2,0.42,0.2
125,4.167,59,0,person,0.805,948.4,296.7,1061.9,609.1,1005.2,452.9,17.06,1.21,17.1,-8.38
125,4.167,58,0,person,0.494,750.6,198.2,845.4,449.4,798.0,323.8,4.2,5.89,7.23,-3.57
125,4.167,57,0,person,0.651,658.6,298.8,761.9,564.6,710.3,431.7,3.68,11.95,12.51,9.09
125,4.167,63,25,umbrella,0.307,338.5,361.6,588.5,457.0,463.5,409.3,0.4,0.74,0.84,0.54
126,4.2,59,0,person,0.562,955.5,302.3,1072.4,608.7,1013.9,455.5,8.76,2.55,9.13,1.34
126,4.2,57,0,person,0.604,677.9,285.6,795.8,574.8,736.8,430.2,26.59,-1.46,26.63,-13.41
126,4.2,63,25,umbrella,0.307,338.3,361.6,589.0,457.4,463.6,409.5,0.14,0.2,0.24,-0.54
127,4.233,59,0,person,0.724,986.1,307.8,1104.7,614.0,1045.4,460.9,31.45,5.45,31.92,2.89
127,4.233,57,0,person,0.462,666.6,288.9,785.0,582.3,725.8,435.6,-11.07,5.4,12.31,6.86
127,4.233,63,25,umbrella,0.415,338.7,361.7,589.4,457.7,464.1,409.7,0.41,0.2,0.46,0.0
127,4.233,58,0,person,0.311,756.1,206.5,848.6,460.7,802.4,333.6,2.18,4.9,5.37,-0.49
128,4.267,59,0,person,0.772,1010.0,311.4,1126.4,611.0,1068.2,461.2,22.81,0.31,22.81,-5.14
128,4.267,57,0,person,0.581,667.3,289.6,788.8,588.5,728.0,439.0,2.27,3.44,4.12,-1.96
128,4.267,63,25,umbrella,0.302,339.9,362.6,588.9,458.0,464.4,410.3,0.35,0.61,0.71,0.41
128,4.267,58,0,person,0.36,758.0,211.1,849.5,473.1,803.7,342.1,1.37,8.54,8.65,3.64
129,4.3,59,0,person,0.787,1026.1,316.0,1142.8,610.8,1084.5,463.4,16.27,2.18,16.42,1.87
129,4.3,57,0,person,0.428,658.2,299.4,772.9,582.5,715.6,441.0,-12.49,1.92,12.64,-1.51
129,4.3,58,0,person,0.529,749.6,209.8,843.1,485.2,796.4,347.5,-7.37,5.32,9.09,-3.22
130,4.333,59,0,person,0.792,1031.5,318.7,1150.3,611.1,1090.9,464.9,6.44,1.51,6.61,-0.67
130,4.333,58,0,person,0.469,745.0,207.5,839.9,494.3,792.5,350.9,-3.89,3.43,5.19,-1.89
131,4.367,59,0,person,0.798,1037.2,327.0,1155.2,608.4,1096.2,467.7,5.29,2.81,5.99,1.3
132,4.4,59,0,person,0.648,1053.6,337.4,1172.0,607.7,1112.8,472.6,16.62,4.86,17.32,2.05
132,4.4,57,0,person,0.498,687.2,318.1,808.7,605.8,748.0,461.9,10.8,6.99,12.86,1.69
132,4.4,58,0,person,0.498,751.7,208.8,825.8,433.5,788.8,321.2,-1.84,-14.86,14.98,-9.15
133,4.433,59,0,person,0.703,1062.9,340.1,1183.8,606.2,1123.4,473.1,10.53,0.56,10.55,-4.3
133,4.433,57,0,person,0.732,683.5,324.1,810.4,609.3,746.9,466.7,-1.02,4.78,4.89,-2.21
133,4.433,58,0,person,0.553,753.4,207.4,823.1,419.6,788.3,313.5,-0.5,-7.67,7.69,7.19
134,4.467,59,0,person,0.725,1086.9,334.5,1212.3,607.5,1149.6,471.0,26.22,-2.08,26.3,-2.64
134,4.467,57,0,person,0.643,682.3,337.5,815.4,616.0,748.9,476.7,1.92,10.03,10.21,5.25
134,4.467,58,0,person,0.581,752.0,205.6,821.5,416.3,786.8,311.0,-1.51,-2.53,2.94,5.14
135,4.5,59,0,person,0.756,1102.4,331.4,1228.5,604.9,1165.5,468.1,15.89,-2.91,16.15,-0.83
135,4.5,57,0,person,0.535,672.7,345.2,825.6,651.0,749.1,498.1,0.28,21.37,21.37,11.33
135,4.5,58,0,person,0.625,752.2,206.4,821.0,415.1,786.6,310.7,-0.17,-0.23,0.28,2.3
136,4.533,59,0,person,0.781,1121.5,331.5,1246.0,604.0,1183.7,467.7,18.24,-0.39,18.25,2.52
136,4.533,57,0,person,0.396,663.5,353.6,814.7,662.6,739.1,508.1,-10.03,10.01,14.17,-11.36
136,4.533,58,0,person,0.653,752.4,207.4,820.9,416.6,786.6,312.0,0.04,1.26,1.26,1.49
137,4.567,59,0,person,0.759,1133.9,335.8,1257.5,607.6,1195.7,471.7,12.01,3.97,12.65,4.37
137,4.567,57,0,person,0.31,665.9,371.6,808.9,668.9,737.4,520.3,-1.69,12.15,12.27,2.14
137,4.567,58,0,person,0.342,759.0,209.6,819.7,393.3,789.4,301.5,2.74,-10.55,10.9,-11.81
138,4.6,59,0,person,0.621,1142.5,340.3,1262.1,605.4,1202.3,472.9,6.61,1.17,6.72,-2.8
139,4.633,59,0,person,0.34,1147.9,347.8,1263.5,605.3,1205.7,476.5,3.37,3.64,4.96,2.47
139,4.633,57,0,person,0.572,701.3,384.9,828.2,633.2,764.8,509.0,13.67,-5.62,14.78,-8.89
139,4.633,58,0,person,0.399,760.2,210.4,818.9,384.6,789.5,297.5,0.07,-1.98,1.98,4.28
140,4.667,57,0,person,0.443,688.4,388.5,808.8,620.3,748.6,504.4,-16.13,-4.6,16.78,1.02
140,4.667,58,0,person,0.386,758.5,205.7,818.8,383.1,788.6,294.4,-0.9,-3.09,3.21,-1.1
141,4.7,57,0,person,0.529,697.2,392.3,819.0,615.6,758.1,503.9,9.49,-0.48,9.5,4.13
141,4.7,58,0,person,0.47,755.7,204.3,817.1,383.9,786.4,294.1,-2.22,-0.31,2.24,2.77
142,4.733,57,0,person,0.469,700.0,404.5,833.3,646.5,766.7,525.5,8.55,21.58,23.21,22.06
142,4.733,58,0,person,0.48,752.9,202.0,814.9,383.6,783.9,292.8,-2.48,-1.26,2.78,-0.94
143,4.767,57,0,person,0.5,701.0,420.2,834.4,660.4,767.7,540.3,1.03,14.78,14.82,-6.8
143,4.767,58,0,person,0.479,752.9,199.7,816.3,383.5,784.6,291.6,0.64,-1.24,1.39,0.02
144,4.8,57,0,person,0.348,696.2,440.1,825.7,665.8,760.9,552.9,-6.77,12.65,14.35,-2.13
144,4.8,58,0,person,0.593,752.4,198.6,817.5,384.0,785.0,291.3,0.42,-0.28,0.5,0.95
145,4.833,58,0,person,0.618,750.1,197.5,817.2,384.3,783.7,290.9,-1.34,-0.43,1.41,-0.15
146,4.867,58,0,person,0.733,738.4,200.6,813.1,407.8,775.7,304.2,-7.92,13.33,15.51,13.77
146,4.867,57,0,person,0.63,690.2,464.1,816.2,664.5,753.2,564.3,-3.86,5.69,6.87,-3.48
147,4.9,58,0,person,0.656,732.5,203.0,809.4,416.2,770.9,309.6,-4.8,5.37,7.2,-7.96
147,4.9,57,0,person,0.603,693.0,482.5,797.7,628.5,745.4,555.5,-7.83,-8.79,11.77,-14.47
147,4.9,60,7,truck,0.331,254.6,40.3,455.4,200.9,355.0,120.6,0.08,1.47,1.47,0.02
148,4.933,58,0,person,0.54,729.3,205.8,806.0,419.4,767.7,312.6,-3.27,3.0,4.44,-2.38
148,4.933,57,0,person,0.624,692.9,493.0,790.1,615.5,741.5,554.3,-3.84,-1.26,4.04,7.53
149,4.967,58,0,person,0.56,732.3,202.5,808.3,418.7,770.3,310.6,2.64,-1.98,3.3,-4.97
150,5.0,58,0,person,0.515,731.7,200.8,806.9,417.8,769.3,309.3,-0.98,-1.32,1.65,0.65
151,5.033,58,0,person,0.57,729.1,200.5,803.7,417.5,766.4,309.0,-2.96,-0.29,2.97,1.03
152,5.067,58,0,person,0.491,724.0,200.9,799.0,417.9,761.5,309.4,-4.88,0.38,4.9,0.67
153,5.1,58,0,person,0.424,720.6,200.7,796.0,417.7,758.3,309.2,-3.18,-0.15,3.19,-0.53
154,5.133,58,0,person,0.502,713.3,201.1,790.4,417.2,751.8,309.1,-6.47,-0.08,6.47,0.07
155,5.167,58,0,person,0.479,708.1,202.3,787.2,416.9,747.6,309.6,-4.21,0.43,4.23,0.51
156,5.2,58,0,person,0.501,703.1,207.5,783.7,418.1,743.4,312.8,-4.24,3.19,5.31,2.76
157,5.233,58,0,person,0.364,691.9,212.8,770.0,416.6,731.0,314.7,-12.44,1.97,12.6,-1.22
158,5.267,58,0,person,0.321,689.8,218.8,765.2,415.2,727.5,317.0,-3.48,2.28,4.16,0.31
159,5.3,58,0,person,0.37,689.7,223.7,762.2,414.0,726.0,318.8,-1.51,1.82,2.36,-0.46
161,5.367,58,0,person,0.304,686.5,222.9,758.7,413.8,722.6,318.4,-1.69,-0.24,1.7,-1.03
162,5.4,60,7,truck,0.318,252.0,31.9,450.3,194.9,351.1,113.4,-0.26,-0.48,0.54,-0.13
163,5.433,58,0,person,0.565,695.7,223.5,773.5,416.3,734.6,319.9,6.03,0.79,6.08,0.52
164,5.467,9003,0,person,0.311,699.9,632.2,735.6,720.0,717.8,676.1,0.0,0.0,0.0,0.0
165,5.5,72,0,person,0.37,699.3,632.8,734.8,720.0,717.0,676.4,0.0,0.0,0.0,0.0
166,5.533,72,0,person,0.382,701.2,631.3,737.3,720.0,719.2,675.7,2.2,-0.73,2.32,-0.73
167,5.567,72,0,person,0.301,703.1,624.5,742.0,720.0,722.5,672.2,3.29,-3.41,4.74,-2.68
167,5.567,58,0,person,0.551,669.7,227.5,754.2,421.7,711.9,324.6,-5.68,1.17,5.79,0.09
168,5.6,72,0,person,0.432,704.0,622.5,743.8,720.0,723.9,671.2,1.34,-1.01,1.67,2.4
168,5.6,58,0,person,0.724,665.9,226.2,755.7,421.0,710.8,323.6,-1.16,-1.05,1.56,-2.23
169,5.633,58,0,person,0.664,664.9,231.2,756.9,421.0,710.9,326.1,0.16,2.48,2.49,3.54
170,5.667,58,0,person,0.705,662.3,233.6,756.5,420.4,709.4,327.0,-1.53,0.95,1.8,-1.53
171,5.7,58,0,person,0.611,659.1,233.5,756.0,420.2,707.5,326.8,-1.88,-0.17,1.89,-1.12
172,5.733,58,0,person,0.614,657.8,238.4,755.5,420.9,706.6,329.6,-0.88,2.78,2.92,2.95
173,5.767,58,0,person,0.494,660.0,240.4,759.4,420.4,709.7,330.4,3.07,0.77,3.16,-2.01
174,5.8,58,0,person,0.38,660.5,238.4,761.5,418.4,711.0,328.4,1.29,-2.02,2.4,-2.79
175,5.833,58,0,person,0.405,659.7,238.8,761.0,417.0,710.4,327.9,-0.65,-0.44,0.79,1.58
176,5.867,58,0,person,0.338,656.4,236.4,760.2,415.7,708.3,326.0,-2.05,-1.9,2.8,-1.45
176,5.867,60,7,truck,0.309,248.9,28.8,442.4,192.1,345.6,110.5,-0.39,-0.21,0.44,0.02
177,5.9,58,0,person,0.473,659.1,242.5,758.3,415.3,708.7,328.9,0.39,2.83,2.86,4.73
178,5.933,58,0,person,0.304,664.6,234.9,764.7,410.1,714.7,322.5,5.98,-6.35,8.72,-9.18
179,5.967,58,0,person,0.406,668.5,227.6,770.3,407.7,719.4,317.6,4.7,-4.87,6.76,1.49
180,6.0,58,0,person,0.473,671.1,226.1,771.8,406.0,721.4,316.1,2.07,-1.59,2.61,3.28
180,6.0,60,7,bus,0.599,252.4,23.7,441.4,184.0,346.9,103.9,0.32,-1.65,1.68,-0.36
181,6.033,58,0,person,0.604,673.3,222.9,772.6,402.2,723.0,312.5,1.52,-3.54,3.85,-1.95
181,6.033,60,7,bus,0.578,252.8,22.1,440.9,182.6,346.9,102.4,-0.06,-1.54,1.54,0.11
182,6.067,58,0,person,0.683,674.2,221.2,772.4,400.7,723.3,310.9,0.32,-1.58,1.61,1.96
182,6.067,60,7,bus,0.559,253.9,21.9,441.4,182.6,347.7,102.2,0.8,-0.1,0.81,1.43
